id_venta,fecha,sucursal,categoria,unidades,precio_unitario,satisfaccion,monto
V089,2026-03-19,Santiago,Tecnología,4.0,271570,4.0,1086280.0
V119,2026-01-08,Valparaíso,Oficina,4.0,10800,3.0,43200.0
V095,2026-04-23,Santiago,Deportes,4.0,15600,5.0,62400.0
V085,2026-01-15,Valparaíso,Oficina,5.0,4310,4.0,21550.0
V042,2026-04-05,Concepción,Tecnología,3.0,236830,1.0,710490.0
V087,2026-01-20,Concepción,Tecnología,4.0,278780,4.0,1115120.0
V033,2026-04-29,Santiago,Oficina,3.0,10960,1.0,32880.0
V029,2026-01-22,Santiago,Deportes,3.0,44690,3.0,134070.0
V086,2026-02-17,Santiago,Tecnología,4.0,198460,5.0,793840.0
V075,2026-04-18,Valparaíso,Tecnología,5.0,130760,2.0,653800.0
V094,2026-04-15,Concepción,Tecnología,4.0,181000,4.0,724000.0
V096,2026-02-04,Concepción,Tecnología,3.0,293230,2.0,879690.0
V006,2026-03-26,Concepción,Oficina,8.0,21490,1.0,171920.0
V050,2026-03-22,Valparaíso,Hogar,2.0,47430,2.0,94860.0
V101,2026-03-27,Santiago,Deportes,5.0,54370,1.0,271850.0
V092,2026-03-30,Concepción,Hogar,3.0,22090,4.0,66270.0
V113,2026-05-24,Santiago,Deportes,5.0,43320,5.0,216600.0
V047,2026-05-30,Valparaíso,Deportes,4.0,70880,2.0,283520.0
V053,2026-01-30,Concepción,Deportes,5.0,46400,4.0,232000.0
V037,2026-03-27,Valparaíso,Hogar,4.0,51940,4.0,207760.0
V082,2026-05-06,Concepción,Hogar,4.0,28520,3.0,114080.0
V046,2026-04-30,Valparaíso,Tecnología,4.0,77800,3.0,311200.0
V014,2026-06-12,Valparaíso,Oficina,4.0,18870,2.0,75480.0
V067,2026-04-06,Concepción,Deportes,5.0,58350,3.0,291750.0
V055,2026-03-27,Santiago,Tecnología,5.0,134230,3.0,671150.0
V080,2026-02-27,Valparaíso,Deportes,8.0,20780,1.0,166240.0
V023,2026-05-12,Santiago,Hogar,2.0,59040,1.0,118080.0
V110,2026-03-26,Concepción,Hogar,6.0,31820,5.0,190920.0
V027,2026-04-19,Santiago,Hogar,2.0,45920,3.0,91840.0
V088,2026-05-07,Concepción,Hogar,4.0,34280,5.0,137120.0
V016,2026-02-01,Santiago,Deportes,6.0,13730,1.0,82380.0
V021,2026-01-30,Valparaíso,Tecnología,4.0,172660,4.0,690640.0
V118,2026-01-01,Valparaíso,Tecnología,5.0,122400,3.0,612000.0
V044,2026-03-19,Valparaíso,Hogar,6.0,42795,4.0,256770.0
V041,2026-06-03,Santiago,Oficina,8.0,21430,4.0,171440.0
V052,2026-03-07,Santiago,Hogar,8.0,47360,2.0,378880.0
V051,2026-06-28,Concepción,Deportes,6.0,55290,2.0,331740.0
V013,2026-03-27,Santiago,Deportes,2.0,42270,5.0,84540.0
V077,2026-03-17,Concepción,Deportes,4.0,41120,4.0,164480.0
V012,2026-05-23,Santiago,Hogar,5.0,39560,5.0,197800.0
V063,2026-06-18,Santiago,Hogar,5.0,19970,4.0,99850.0
V066,2026-05-24,Concepción,Tecnología,2.0,93550,3.0,187100.0
V019,2026-01-18,Santiago,Tecnología,6.0,133540,1.0,801240.0
V120,2026-05-23,Concepción,Tecnología,8.0,141860,5.0,1134880.0
V003,2026-03-27,Santiago,Hogar,4.0,14910,4.0,59640.0
V109,2026-06-04,Santiago,Tecnología,3.0,201070,4.0,603210.0
V018,2026-04-28,Santiago,Oficina,2.0,17080,2.0,34160.0
V030,2026-04-03,Valparaíso,Oficina,3.0,16580,3.0,49740.0
V083,2026-03-16,Concepción,Tecnología,3.0,194050,4.0,582150.0
V038,2026-02-20,Concepción,Oficina,3.0,8290,2.0,24870.0
V031,2026-04-27,Concepción,Oficina,2.0,2100,1.0,4200.0
V108,2026-03-31,Valparaíso,Tecnología,5.0,179450,1.0,897250.0
V059,2026-04-30,Santiago,Tecnología,1.0,76820,4.0,76820.0
V099,2026-06-25,Concepción,Tecnología,4.0,106930,4.0,427720.0
V100,2026-04-09,Concepción,Deportes,5.0,71860,3.0,359300.0
V097,2026-01-28,Santiago,Deportes,1.0,19020,1.0,19020.0
V028,2026-05-16,Concepción,Deportes,7.0,49550,3.0,346850.0
V060,2026-02-23,Valparaíso,Hogar,4.0,53370,1.0,213480.0
V004,2026-04-26,Concepción,Tecnología,6.0,221260,3.0,1327560.0
V034,2026-03-22,Valparaíso,Deportes,8.0,73170,1.0,585360.0
V071,2026-03-25,Valparaíso,Oficina,5.0,3790,2.0,18950.0
V022,2026-06-24,Concepción,Deportes,4.0,19620,2.0,78480.0
V081,2026-03-15,Valparaíso,Deportes,5.0,18390,3.0,91950.0
V106,2026-03-17,Concepción,Tecnología,4.0,262140,4.0,1048560.0
V112,2026-05-02,Valparaíso,Hogar,1.0,25280,3.0,25280.0
V078,2026-06-12,Santiago,Oficina,5.0,15320,2.0,76600.0
V036,2026-03-02,Concepción,Deportes,4.0,20810,4.0,83240.0
V011,2026-05-30,Valparaíso,Deportes,4.0,66080,5.0,264320.0
V117,2026-05-24,Santiago,Oficina,3.0,18340,3.0,55020.0
V072,2026-06-20,Valparaíso,Deportes,3.0,28290,5.0,84870.0
V098,2026-05-12,Valparaíso,Hogar,6.0,35410,1.0,212460.0
V032,2026-05-29,Concepción,Tecnología,7.0,159630,1.0,1117410.0
V017,2026-06-04,Concepción,Tecnología,7.0,84290,5.0,590030.0
V115,2026-06-18,Santiago,Oficina,6.0,19070,3.0,114420.0
V002,2026-02-02,Concepción,Hogar,4.0,44480,1.0,177920.0
V107,2026-05-14,Santiago,Oficina,4.0,14450,1.0,57800.0
V116,2026-03-16,Santiago,Tecnología,4.0,210070,1.0,840280.0
V010,2026-03-05,Santiago,Hogar,3.0,42795,1.0,128385.0
V005,2026-03-07,Concepción,Oficina,5.0,6790,5.0,33950.0
V039,2026-01-27,Valparaíso,Tecnología,2.0,42795,3.0,85590.0
V079,2026-01-01,Concepción,Hogar,5.0,48420,2.0,242100.0
V074,2026-04-12,Santiago,Oficina,2.0,7860,4.0,15720.0
V035,2026-03-27,Santiago,Deportes,3.0,50010,4.0,150030.0
V065,2026-06-22,Valparaíso,Hogar,2.0,18170,3.0,36340.0
V062,2026-02-07,Santiago,Oficina,2.0,6330,5.0,12660.0
V054,2026-02-05,Valparaíso,Tecnología,2.0,41940,1.0,83880.0
V102,2026-04-22,Valparaíso,Hogar,4.0,5840,3.0,23360.0
V025,2026-02-20,Santiago,Tecnología,6.0,21960,3.0,131760.0
V057,2026-02-28,Concepción,Tecnología,5.0,261550,2.0,1307750.0
V070,2026-03-04,Valparaíso,Deportes,5.0,9510,2.0,47550.0
V064,2026-06-07,Concepción,Hogar,4.0,35320,1.0,141280.0
V105,2026-03-06,Santiago,Hogar,3.0,50130,5.0,150390.0
V061,2026-06-23,Santiago,Deportes,4.0,31720,4.0,126880.0
V007,2026-01-15,Santiago,Tecnología,5.0,57350,5.0,286750.0
V056,2026-04-18,Santiago,Tecnología,4.0,79400,2.0,317600.0
V076,2026-03-19,Santiago,Deportes,3.0,42795,4.0,128385.0
V001,2026-06-03,Valparaíso,Hogar,4.0,31140,1.0,124560.0
V045,2026-02-18,Santiago,Deportes,3.0,9620,2.0,28860.0
V008,2026-03-08,Valparaíso,Hogar,2.0,58880,5.0,117760.0
V049,2026-03-25,Santiago,Deportes,8.0,41280,4.0,330240.0
V103,2026-01-07,Valparaíso,Tecnología,4.0,27650,5.0,110600.0
V040,2026-02-10,Valparaíso,Deportes,5.0,33650,2.0,168250.0
V009,2026-04-26,Valparaíso,Deportes,4.0,59900,1.0,239600.0
V091,2026-04-08,Concepción,Oficina,1.0,10910,5.0,10910.0
V043,2026-01-17,Concepción,Deportes,3.0,60020,1.0,180060.0
V111,2026-01-07,Concepción,Tecnología,3.0,163040,3.0,489120.0
V090,2026-02-11,Concepción,Tecnología,4.0,137880,3.0,551520.0
V073,2026-05-24,Santiago,Deportes,4.0,34060,5.0,136240.0
V015,2026-05-10,Santiago,Oficina,6.0,17700,3.0,106200.0
V058,2026-03-20,Concepción,Deportes,8.0,72470,5.0,579760.0
V093,2026-03-27,Concepción,Deportes,4.0,45450,3.0,181800.0
V104,2026-03-08,Valparaíso,Deportes,4.0,22620,4.0,90480.0
V024,2026-06-15,Santiago,Tecnología,5.0,173850,1.0,869250.0
V084,2026-02-26,Santiago,Hogar,4.0,32110,2.0,128440.0
V026,2026-04-25,Santiago,Deportes,4.0,41260,5.0,165040.0
V069,2026-02-07,Santiago,Hogar,2.0,43350,1.0,86700.0
V048,2026-01-03,Concepción,Oficina,2.0,18990,2.0,37980.0
